family,model,layer,head,delta_ioi,delta_anti
pythia,pythia-70m,0,1,-0.10383673012256622,0.0
pythia,pythia-70m,0,4,-0.1390579342842102,-0.3513792157173157
pythia,pythia-70m,0,5,-0.13942059874534607,-0.14769238233566284
pythia,pythia-70m,0,7,-0.4192270562052727,0.0
pythia,pythia-70m,1,0,0.03471425175666809,-0.17247778177261353
pythia,pythia-70m,1,1,-0.1617247760295868,0.0
pythia,pythia-70m,1,2,-0.0669267475605011,-0.07461899518966675
pythia,pythia-70m,1,3,-0.284780777990818,0.0
pythia,pythia-70m,1,4,-0.028235286474227905,0.0
pythia,pythia-70m,1,5,-0.013573527336120605,0.0
pythia,pythia-70m,1,7,-0.06595949828624725,0.0
pythia,pythia-70m,2,1,-0.20352953672409058,0.0
pythia,pythia-70m,2,2,-0.019482553005218506,0.0
pythia,pythia-70m,2,4,0.0173683762550354,-0.08950412273406982
pythia,pythia-70m,2,5,0.0,-0.47077494859695435
pythia,pythia-70m,2,6,-0.18147602677345276,0.0
pythia,pythia-70m,2,7,-0.6693404316902161,0.0
pythia,pythia-70m,3,0,-0.028673529624938965,0.0
pythia,pythia-70m,3,1,-0.11651735007762909,0.0
pythia,pythia-70m,3,2,0.05786597728729248,0.0
pythia,pythia-70m,3,3,-0.063148632645607,0.0
pythia,pythia-70m,3,4,-0.024025291204452515,-0.14823216199874878
pythia,pythia-70m,3,5,-0.008554160594940186,-0.5574000477790833
pythia,pythia-70m,3,6,-0.06535018980503082,-0.19632214307785034
pythia,pythia-70m,3,7,-0.08603633940219879,0.0
pythia,pythia-70m,4,0,-0.07923078536987305,-0.5259249806404114
pythia,pythia-70m,4,1,-0.019203126430511475,-0.47602301836013794
pythia,pythia-70m,4,2,-0.019360899925231934,0.0
pythia,pythia-70m,4,3,-0.00965079665184021,-0.23487693071365356
pythia,pythia-70m,4,4,0.017561286687850952,0.0
pythia,pythia-70m,4,5,0.010137051343917847,-0.2131379246711731
pythia,pythia-70m,4,6,-0.16265425086021423,-0.21394354104995728
pythia,pythia-70m,4,7,0.01151341199874878,0.0
pythia,pythia-70m,5,0,0.005258321762084961,-0.1878109574317932
pythia,pythia-70m,5,1,0.06041601300239563,-0.6885338425636292
pythia,pythia-70m,5,2,-0.0010494887828826904,0.0
pythia,pythia-70m,5,3,0.009290456771850586,0.0
pythia,pythia-70m,5,4,0.0019166171550750732,0.0
pythia,pythia-70m,5,5,0.0038349032402038574,0.0
pythia,pythia-70m,5,6,0.016999483108520508,-0.26485055685043335
pythia,pythia-70m,5,7,0.06199422478675842,-0.23148268461227417
pythia,pythia-70m,6,1,0.0,-0.30598658323287964
pythia,pythia-70m,6,2,0.0,-0.3751377463340759
pythia,pythia-70m,7,0,0.0,-0.12973803281784058
pythia,pythia-70m,7,5,0.0,-0.05703866481781006
pythia,pythia-70m,8,1,0.0,-0.07504862546920776
pythia,pythia-70m,8,3,0.0,-0.04312199354171753
pythia,pythia-70m,8,5,0.0,-0.06279504299163818
pythia,pythia-70m,9,0,0.0,-0.2654035687446594
pythia,pythia-70m,9,3,0.0,-0.13703924417495728
pythia,pythia-70m,9,6,0.0,-0.17614394426345825
pythia,pythia-70m,9,7,0.0,-0.09726327657699585
pythia,pythia-70m,10,0,0.0,-0.044313013553619385
pythia,pythia-70m,10,3,0.0,-0.05015110969543457
pythia,pythia-70m,10,4,0.0,-0.11854797601699829
pythia,pythia-70m,10,5,0.0,-0.04856705665588379
pythia,pythia-70m,10,6,0.0,-0.0758398175239563
pythia,pythia-70m,10,7,0.0,-0.04939943552017212
pythia,pythia-70m,11,0,0.0,-0.06030160188674927
pythia,pythia-70m,11,3,0.0,-0.04616314172744751
pythia,pythia-70m,11,7,0.0,-0.18556827306747437
pythia,pythia-70m,12,1,0.0,-0.050406694412231445
pythia,pythia-70m,12,5,0.0,-0.18337398767471313
pythia,pythia-160m,0,0,-1.4348183870315552,0.0
pythia,pythia-160m,0,1,-0.22753441333770752,0.0
pythia,pythia-160m,0,2,-0.8137136697769165,0.0
pythia,pythia-160m,0,3,-1.0505050420761108,0.0
pythia,pythia-160m,0,4,0.0,-0.3513792157173157
pythia,pythia-160m,0,5,-0.3447052240371704,-0.14769238233566284
pythia,pythia-160m,0,8,-0.6634434461593628,0.0
pythia,pythia-160m,1,0,-0.23155152797698975,-0.17247778177261353
pythia,pythia-160m,1,2,0.0,-0.07461899518966675
pythia,pythia-160m,1,6,-0.45946061611175537,0.0
pythia,pythia-160m,1,8,-0.30325520038604736,0.0
pythia,pythia-160m,1,9,-1.430188775062561,0.0
pythia,pythia-160m,2,0,-0.34077775478363037,0.0
pythia,pythia-160m,2,1,-0.34086310863494873,0.0
pythia,pythia-160m,2,4,-0.6334210634231567,-0.08950412273406982
pythia,pythia-160m,2,5,0.0,-0.47077494859695435
pythia,pythia-160m,2,6,-1.055655837059021,0.0
pythia,pythia-160m,2,7,-0.1368194818496704,0.0
pythia,pythia-160m,2,8,-0.13543105125427246,0.0
pythia,pythia-160m,2,9,-0.10232126712799072,0.0
pythia,pythia-160m,2,11,-1.0247987508773804,0.0
pythia,pythia-160m,3,0,-1.8286436796188354,0.0
pythia,pythia-160m,3,4,-0.6635006666183472,-0.14823216199874878
pythia,pythia-160m,3,5,0.0,-0.5574000477790833
pythia,pythia-160m,3,6,0.0,-0.19632214307785034
pythia,pythia-160m,4,0,0.0,-0.5259249806404114
pythia,pythia-160m,4,1,0.0,-0.47602301836013794
pythia,pythia-160m,4,2,-0.11317896842956543,0.0
pythia,pythia-160m,4,3,0.0,-0.23487693071365356
pythia,pythia-160m,4,5,0.0,-0.2131379246711731
pythia,pythia-160m,4,6,-0.8135761022567749,-0.21394354104995728
pythia,pythia-160m,4,8,-0.7491799592971802,0.0
pythia,pythia-160m,4,11,-0.9735919237136841,0.0
pythia,pythia-160m,5,0,0.0,-0.1878109574317932
pythia,pythia-160m,5,1,0.0,-0.6885338425636292
pythia,pythia-160m,5,3,-0.17262351512908936,0.0
pythia,pythia-160m,5,4,-0.17408668994903564,0.0
pythia,pythia-160m,5,5,-0.13232815265655518,0.0
pythia,pythia-160m,5,6,0.0,-0.26485055685043335
pythia,pythia-160m,5,7,0.0,-0.23148268461227417
pythia,pythia-160m,5,8,-0.6894339323043823,0.0
pythia,pythia-160m,5,10,-0.34071171283721924,0.0
pythia,pythia-160m,6,1,0.0,-0.30598658323287964
pythia,pythia-160m,6,2,0.0,-0.3751377463340759
pythia,pythia-160m,6,6,-0.8683630228042603,0.0
pythia,pythia-160m,6,8,-0.13351058959960938,0.0
pythia,pythia-160m,6,9,-0.3189812898635864,0.0
pythia,pythia-160m,7,0,0.0,-0.12973803281784058
pythia,pythia-160m,7,1,-0.1291487216949463,0.0
pythia,pythia-160m,7,3,-0.47250115871429443,0.0
pythia,pythia-160m,7,5,0.0,-0.05703866481781006
pythia,pythia-160m,7,9,-0.190393328666687,0.0
pythia,pythia-160m,8,1,-0.13074350357055664,-0.07504862546920776
pythia,pythia-160m,8,3,0.0,-0.04312199354171753
pythia,pythia-160m,8,5,0.0,-0.06279504299163818
pythia,pythia-160m,9,0,0.0,-0.2654035687446594
pythia,pythia-160m,9,3,0.0,-0.13703924417495728
pythia,pythia-160m,9,5,-0.3323298692703247,0.0
pythia,pythia-160m,9,6,0.0,-0.17614394426345825
pythia,pythia-160m,9,7,0.0,-0.09726327657699585
pythia,pythia-160m,9,10,-0.16658484935760498,0.0
pythia,pythia-160m,10,0,0.0,-0.044313013553619385
pythia,pythia-160m,10,1,-0.12497437000274658,0.0
pythia,pythia-160m,10,3,0.0,-0.05015110969543457
pythia,pythia-160m,10,4,0.0,-0.11854797601699829
pythia,pythia-160m,10,5,0.0,-0.04856705665588379
pythia,pythia-160m,10,6,0.0,-0.0758398175239563
pythia,pythia-160m,10,7,0.0,-0.04939943552017212
pythia,pythia-160m,11,0,0.0,-0.06030160188674927
pythia,pythia-160m,11,3,0.0,-0.04616314172744751
pythia,pythia-160m,11,6,-0.10425686836242676,0.0
pythia,pythia-160m,11,7,0.0,-0.18556827306747437
pythia,pythia-160m,12,1,0.0,-0.050406694412231445
pythia,pythia-160m,12,5,0.0,-0.18337398767471313
pythia,pythia-410m,0,3,-0.20279979705810547,0.0
pythia,pythia-410m,0,4,0.0,-0.3513792157173157
pythia,pythia-410m,0,5,0.0,-0.14769238233566284
pythia,pythia-410m,0,11,-0.4311950206756592,0.0
pythia,pythia-410m,1,0,0.0,-0.17247778177261353
pythia,pythia-410m,1,2,0.0,-0.07461899518966675
pythia,pythia-410m,1,13,-0.11202883720397949,0.0
pythia,pythia-410m,2,1,-0.1022953987121582,0.0
pythia,pythia-410m,2,4,0.0,-0.08950412273406982
pythia,pythia-410m,2,5,0.0,-0.47077494859695435
pythia,pythia-410m,2,8,-0.10570621490478516,0.0
pythia,pythia-410m,3,4,-0.09803080558776855,-0.14823216199874878
pythia,pythia-410m,3,5,0.0,-0.5574000477790833
pythia,pythia-410m,3,6,0.0,-0.19632214307785034
pythia,pythia-410m,4,0,0.0,-0.5259249806404114
pythia,pythia-410m,4,1,0.0,-0.47602301836013794
pythia,pythia-410m,4,2,-0.32766997814178467,0.0
pythia,pythia-410m,4,3,0.0,-0.23487693071365356
pythia,pythia-410m,4,5,0.0,-0.2131379246711731
pythia,pythia-410m,4,6,-0.2292877435684204,-0.21394354104995728
pythia,pythia-410m,4,11,-0.11530840396881104,0.0
pythia,pythia-410m,4,13,-0.2598797082901001,0.0
pythia,pythia-410m,5,0,0.0,-0.1878109574317932
pythia,pythia-410m,5,1,0.0,-0.6885338425636292
pythia,pythia-410m,5,2,-0.6198322772979736,0.0
pythia,pythia-410m,5,4,-0.10363948345184326,0.0
pythia,pythia-410m,5,6,0.0,-0.26485055685043335
pythia,pythia-410m,5,7,0.0,-0.23148268461227417
pythia,pythia-410m,5,13,-0.338462233543396,0.0
pythia,pythia-410m,6,1,0.0,-0.30598658323287964
pythia,pythia-410m,6,2,0.0,-0.3751377463340759
pythia,pythia-410m,6,12,-0.10621118545532227,0.0
pythia,pythia-410m,7,0,0.0,-0.12973803281784058
pythia,pythia-410m,7,5,-0.12852466106414795,-0.05703866481781006
pythia,pythia-410m,8,1,-0.140700101852417,-0.07504862546920776
pythia,pythia-410m,8,2,-0.17395341396331787,0.0
pythia,pythia-410m,8,3,0.0,-0.04312199354171753
pythia,pythia-410m,8,5,-0.10816669464111328,-0.06279504299163818
pythia,pythia-410m,8,6,-0.15651333332061768,0.0
pythia,pythia-410m,9,0,0.0,-0.2654035687446594
pythia,pythia-410m,9,1,-0.18273389339447021,0.0
pythia,pythia-410m,9,3,0.0,-0.13703924417495728
pythia,pythia-410m,9,4,-0.12491869926452637,0.0
pythia,pythia-410m,9,6,0.0,-0.17614394426345825
pythia,pythia-410m,9,7,0.0,-0.09726327657699585
pythia,pythia-410m,9,9,-0.12420284748077393,0.0
pythia,pythia-410m,9,11,-0.14993977546691895,0.0
pythia,pythia-410m,9,13,-0.10658633708953857,0.0
pythia,pythia-410m,10,0,-0.1701120138168335,-0.044313013553619385
pythia,pythia-410m,10,3,-0.1460665464401245,-0.05015110969543457
pythia,pythia-410m,10,4,0.0,-0.11854797601699829
pythia,pythia-410m,10,5,0.0,-0.04856705665588379
pythia,pythia-410m,10,6,0.0,-0.0758398175239563
pythia,pythia-410m,10,7,-0.3460824489593506,-0.04939943552017212
pythia,pythia-410m,10,12,-0.10497438907623291,0.0
pythia,pythia-410m,11,0,-0.09748756885528564,-0.06030160188674927
pythia,pythia-410m,11,3,-0.212782621383667,-0.04616314172744751
pythia,pythia-410m,11,5,-0.15082478523254395,0.0
pythia,pythia-410m,11,7,0.0,-0.18556827306747437
pythia,pythia-410m,11,12,-0.10477745532989502,0.0
pythia,pythia-410m,11,13,-0.1336348056793213,0.0
pythia,pythia-410m,12,1,-0.2198706865310669,-0.050406694412231445
pythia,pythia-410m,12,5,0.0,-0.18337398767471313
pythia,pythia-410m,12,12,-0.38896167278289795,0.0
pythia,pythia-410m,13,0,-0.14904773235321045,0.0
pythia,pythia-410m,14,4,-0.14958202838897705,0.0
pythia,pythia-410m,15,2,-0.19095289707183838,0.0
pythia,pythia-410m,15,11,-0.24325835704803467,0.0
pythia,pythia-410m,17,10,-0.1397455930709839,0.0
pythia,pythia-1b,0,0,-0.4920898377895355,0.0
pythia,pythia-1b,0,1,-0.11229756474494934,0.0
pythia,pythia-1b,0,3,-0.10902044177055359,0.0
pythia,pythia-1b,0,4,-0.3465963304042816,-0.3513792157173157
pythia,pythia-1b,0,5,0.0,-0.14769238233566284
pythia,pythia-1b,1,0,-0.18620318174362183,-0.17247778177261353
pythia,pythia-1b,1,2,0.0,-0.07461899518966675
pythia,pythia-1b,1,3,-0.297468900680542,0.0
pythia,pythia-1b,1,6,-0.3603558838367462,0.0
pythia,pythia-1b,1,7,-0.18971982598304749,0.0
pythia,pythia-1b,2,0,-0.8737691342830658,0.0
pythia,pythia-1b,2,2,-0.33256763219833374,0.0
pythia,pythia-1b,2,4,-0.12380298972129822,-0.08950412273406982
pythia,pythia-1b,2,5,0.0,-0.47077494859695435
pythia,pythia-1b,2,7,-0.42827150225639343,0.0
pythia,pythia-1b,3,1,-0.1613912284374237,0.0
pythia,pythia-1b,3,2,-0.28124114871025085,0.0
pythia,pythia-1b,3,3,-0.2382739782333374,0.0
pythia,pythia-1b,3,4,-0.13647355139255524,-0.14823216199874878
pythia,pythia-1b,3,5,-1.7290535867214203,-0.5574000477790833
pythia,pythia-1b,3,6,-0.5584746301174164,-0.19632214307785034
pythia,pythia-1b,3,7,-0.3219645619392395,0.0
pythia,pythia-1b,4,0,-0.14664708077907562,-0.5259249806404114
pythia,pythia-1b,4,1,-0.561447411775589,-0.47602301836013794
pythia,pythia-1b,4,3,-0.17585641145706177,-0.23487693071365356
pythia,pythia-1b,4,4,-0.3169485032558441,0.0
pythia,pythia-1b,4,5,-0.1343376189470291,-0.2131379246711731
pythia,pythia-1b,4,6,0.0,-0.21394354104995728
pythia,pythia-1b,5,0,-0.361431747674942,-0.1878109574317932
pythia,pythia-1b,5,1,-0.19861671328544617,-0.6885338425636292
pythia,pythia-1b,5,6,0.0,-0.26485055685043335
pythia,pythia-1b,5,7,-0.19283398985862732,-0.23148268461227417
pythia,pythia-1b,6,1,-0.23828929662704468,-0.30598658323287964
pythia,pythia-1b,6,2,-0.3682558238506317,-0.3751377463340759
pythia,pythia-1b,7,0,-0.10081209242343903,-0.12973803281784058
pythia,pythia-1b,7,5,0.0,-0.05703866481781006
pythia,pythia-1b,8,1,0.0,-0.07504862546920776
pythia,pythia-1b,8,3,0.0,-0.04312199354171753
pythia,pythia-1b,8,4,-0.08812050521373749,0.0
pythia,pythia-1b,8,5,0.0,-0.06279504299163818
pythia,pythia-1b,8,7,-0.1330903321504593,0.0
pythia,pythia-1b,9,0,-0.11711004376411438,-0.2654035687446594
pythia,pythia-1b,9,1,-0.09435656666755676,0.0
pythia,pythia-1b,9,3,-0.15060608088970184,-0.13703924417495728
pythia,pythia-1b,9,6,0.0,-0.17614394426345825
pythia,pythia-1b,9,7,0.0,-0.09726327657699585
pythia,pythia-1b,10,0,0.0,-0.044313013553619385
pythia,pythia-1b,10,1,-0.09212601184844971,0.0
pythia,pythia-1b,10,3,0.0,-0.05015110969543457
pythia,pythia-1b,10,4,0.0,-0.11854797601699829
pythia,pythia-1b,10,5,0.0,-0.04856705665588379
pythia,pythia-1b,10,6,0.0,-0.0758398175239563
pythia,pythia-1b,10,7,0.0,-0.04939943552017212
pythia,pythia-1b,11,0,-0.10435593128204346,-0.06030160188674927
pythia,pythia-1b,11,3,0.0,-0.04616314172744751
pythia,pythia-1b,11,6,-0.12114003300666809,0.0
pythia,pythia-1b,11,7,-0.12383288145065308,-0.18556827306747437
pythia,pythia-1b,12,1,0.0,-0.050406694412231445
pythia,pythia-1b,12,5,0.0,-0.18337398767471313
pythia,pythia-1b,14,3,-0.08828353881835938,0.0
gpt-neo,gpt-neo-125M,0,0,-0.27019746601581573,-0.24962961673736572
gpt-neo,gpt-neo-125M,0,1,-1.5349412858486176,-1.3135390430688858
gpt-neo,gpt-neo-125M,0,2,0.0,-1.7878943085670471
gpt-neo,gpt-neo-125M,0,3,-0.26699987053871155,-0.9032590985298157
gpt-neo,gpt-neo-125M,0,4,0.0,-0.7600790858268738
gpt-neo,gpt-neo-125M,0,5,-0.5856923460960388,-2.176737606525421
gpt-neo,gpt-neo-125M,0,6,-0.6490187644958496,-1.8854661881923676
gpt-neo,gpt-neo-125M,0,7,-0.27362731099128723,-2.3322020173072815
gpt-neo,gpt-neo-125M,0,8,-0.444309962913394,-2.665917158126831
gpt-neo,gpt-neo-125M,0,9,-0.35379718244075775,-0.6124296188354492
gpt-neo,gpt-neo-125M,0,10,-0.29320649802684784,-1.0765504837036133
gpt-neo,gpt-neo-125M,0,11,-1.141575187444687,-1.8060099184513092
gpt-neo,gpt-neo-125M,1,0,-1.0740363895893097,-1.0589888095855713
gpt-neo,gpt-neo-125M,1,6,-0.3131037652492523,-0.8770672678947449
gpt-neo,gpt-neo-125M,1,8,-0.2026551067829132,-0.2797454595565796
gpt-neo,gpt-neo-125M,1,9,-0.20937320590019226,-0.20076322555541992
gpt-neo,gpt-neo-125M,2,2,-0.224591463804245,0.0
gpt-neo,gpt-neo-125M,5,7,-0.20166637003421783,0.0
gpt-neo,gpt-neo-125M,6,2,-0.6693219840526581,-0.8256407976150513
gpt-neo,gpt-neo-125M,6,4,-0.41194269992411137,-1.1991513669490814
gpt-neo,gpt-neo-125M,6,6,-0.6230132877826691,-2.2809300422668457
gpt-neo,gpt-neo-125M,9,4,-0.16884562373161316,0.0
gpt-neo,gpt-neo-125M,11,4,0.0,-0.25470197200775146
gpt2,gpt2,0,2,-0.019044160842895508,-0.02296888828277588
gpt2,gpt2,0,4,-0.030524492263793945,-0.0679323673248291
gpt2,gpt2,0,9,-0.6853834390640259,-0.05738401412963867
gpt2,gpt2,0,10,-0.047789931297302246,-0.03731584548950195
gpt2,gpt2,1,1,0.0,-0.06358659267425537
gpt2,gpt2,1,2,-0.013881802558898926,0.0
gpt2,gpt2,1,3,-0.08334410190582275,-0.17569482326507568
gpt2,gpt2,1,6,0.0,-0.026881933212280273
gpt2,gpt2,1,8,-0.028364062309265137,-0.024579524993896484
gpt2,gpt2,1,11,-0.04174911975860596,0.0
gpt2,gpt2,2,0,0.0,-0.03992903232574463
gpt2,gpt2,2,3,0.0,-0.04437124729156494
gpt2,gpt2,2,4,-0.024719834327697754,0.0
gpt2,gpt2,2,5,-0.026854276657104492,-0.0461806058883667
gpt2,gpt2,2,6,-0.020425081253051758,-0.04774892330169678
gpt2,gpt2,2,8,0.0,-0.10732805728912354
gpt2,gpt2,2,11,-0.03652358055114746,-0.05319511890411377
gpt2,gpt2,3,0,-0.026573896408081055,0.0
gpt2,gpt2,3,1,-0.02556610107421875,-0.023891925811767578
gpt2,gpt2,3,2,0.0,-0.03439688682556152
gpt2,gpt2,3,5,0.0,-0.02259218692779541
gpt2,gpt2,3,8,0.0,-0.03323841094970703
gpt2,gpt2,3,9,-0.015047907829284668,0.0
gpt2,gpt2,3,11,0.0,-0.03107273578643799
gpt2,gpt2,4,3,0.0,-0.024557828903198242
gpt2,gpt2,4,4,-0.025938749313354492,0.0
gpt2,gpt2,4,6,0.0,-0.029750585556030273
gpt2,gpt2,4,8,0.0,-0.02856588363647461
gpt2,gpt2,4,9,0.0,-0.032259345054626465
gpt2,gpt2,4,10,-0.021697044372558594,0.0
gpt2,gpt2,4,11,-0.05314755439758301,-0.02271711826324463
gpt2,gpt2,5,3,-0.01738286018371582,-0.023352861404418945
gpt2,gpt2,5,4,0.0,-0.026953935623168945
gpt2,gpt2,5,5,-0.033591270446777344,0.0
gpt2,gpt2,5,6,-0.017941594123840332,0.0
gpt2,gpt2,5,8,-0.021868228912353516,-0.05838000774383545
gpt2,gpt2,5,9,-0.052524685859680176,-0.13730013370513916
gpt2,gpt2,5,11,-0.0371166467666626,0.0
gpt2,gpt2,6,0,0.0,-0.05499863624572754
gpt2,gpt2,6,2,-0.045516014099121094,-0.06056809425354004
gpt2,gpt2,6,3,-0.040102362632751465,0.0
gpt2,gpt2,6,6,-0.020656824111938477,0.0
gpt2,gpt2,6,7,-0.014669179916381836,0.0
gpt2,gpt2,6,9,-0.019467473030090332,0.0
gpt2,gpt2,7,0,-0.01435697078704834,0.0
gpt2,gpt2,7,3,-0.022971749305725098,0.0
gpt2,gpt2,7,6,-0.03972578048706055,-0.03772580623626709
gpt2,gpt2,7,9,0.0,-0.05029869079589844
gpt2,gpt2,8,0,-0.02345883846282959,0.0
gpt2,gpt2,8,3,0.0,-0.03628802299499512
gpt2,gpt2,8,5,-0.023714900016784668,-0.030193686485290527
gpt2,gpt2,8,6,-0.13686156272888184,0.0
gpt2,gpt2,8,10,-0.04125642776489258,-0.06831586360931396
gpt2,gpt2,8,11,0.0,-0.03733932971954346
gpt2,gpt2,9,0,0.0,-0.022334933280944824
gpt2,gpt2,9,5,-0.02350795269012451,0.0
gpt2,gpt2,9,7,-0.017024517059326172,0.0
gpt2,gpt2,9,9,0.0,-0.03261101245880127
gpt2,gpt2,10,0,-0.03221094608306885,0.0
gpt2,gpt2,10,2,-0.023177623748779297,0.0
gpt2,gpt2,10,6,0.0,-0.0371859073638916
gpt2,gpt2,11,0,0.0,-0.142403244972229
gpt2,gpt2-medium,0,1,0.0,-0.014160752296447754
gpt2,gpt2-medium,0,9,-0.012526512145996094,0.0
gpt2,gpt2-medium,1,1,0.0,-0.019643306732177734
gpt2,gpt2-medium,1,4,-0.013009071350097656,-0.019053101539611816
gpt2,gpt2-medium,1,13,-0.008299946784973145,0.0
gpt2,gpt2-medium,2,0,0.0,-0.18865537643432617
gpt2,gpt2-medium,2,2,-0.0067005157470703125,0.0
gpt2,gpt2-medium,2,8,-0.023188233375549316,-0.04076027870178223
gpt2,gpt2-medium,2,11,-0.009220480918884277,-0.014917373657226562
gpt2,gpt2-medium,2,13,-0.02820754051208496,-0.054277777671813965
gpt2,gpt2-medium,3,1,-0.016051530838012695,-0.01700758934020996
gpt2,gpt2-medium,3,5,-0.02809453010559082,-0.058100342750549316
gpt2,gpt2-medium,3,9,-0.009495377540588379,0.0
gpt2,gpt2-medium,3,11,0.0,-0.019751310348510742
gpt2,gpt2-medium,3,15,-0.010327458381652832,0.0
gpt2,gpt2-medium,4,5,-0.008042335510253906,0.0
gpt2,gpt2-medium,4,8,-0.007012128829956055,0.0
gpt2,gpt2-medium,5,0,-0.011575579643249512,-0.018136024475097656
gpt2,gpt2-medium,5,13,-0.00931096076965332,0.0
gpt2,gpt2-medium,6,1,-0.01674342155456543,-0.040058016777038574
gpt2,gpt2-medium,6,10,0.0,-0.019478797912597656
gpt2,gpt2-medium,6,15,-0.013516545295715332,0.0
gpt2,gpt2-medium,7,0,0.0,-0.012390971183776855
gpt2,gpt2-medium,7,1,-0.011482000350952148,-0.031101465225219727
gpt2,gpt2-medium,7,2,-0.007463335990905762,0.0
gpt2,gpt2-medium,8,6,0.0,-0.011829853057861328
gpt2,gpt2-medium,8,8,-0.039721012115478516,-0.08158576488494873
gpt2,gpt2-medium,8,12,0.0,-0.018898844718933105
gpt2,gpt2-medium,10,0,0.0,-0.01859724521636963
gpt2,gpt2-medium,10,3,0.0,-0.014352083206176758
gpt2,gpt2-medium,10,7,-0.02577793598175049,-0.015523672103881836
gpt2,gpt2-medium,11,15,0.0,-0.01728522777557373
gpt2,gpt2-medium,12,10,-0.016130447387695312,0.0
gpt2,gpt2-medium,13,1,-0.010088205337524414,0.0
gpt2,gpt2-medium,13,4,0.0,-0.020084619522094727
gpt2,gpt2-medium,13,7,-0.014371037483215332,-0.02525770664215088
gpt2,gpt2-medium,13,9,-0.009203672409057617,-0.011828780174255371
gpt2,gpt2-medium,13,13,-0.018330693244934082,0.0
gpt2,gpt2-medium,14,5,-0.010059595108032227,0.0
gpt2,gpt2-medium,14,14,0.0,-0.025205254554748535
gpt2,gpt2-medium,15,11,-0.010797381401062012,-0.015040874481201172
gpt2,gpt2-medium,15,14,0.0,-0.026378989219665527
gpt2,gpt2-medium,16,0,0.0,-0.017155766487121582
gpt2,gpt2-medium,17,0,0.0,-0.0123976469039917
gpt2,gpt2-medium,18,10,-0.008635282516479492,-0.021585464477539062
gpt2,gpt2-medium,18,15,-0.0072748661041259766,0.0
gpt2,gpt2-medium,19,1,-0.01761150360107422,-0.025662541389465332
gpt2,gpt2-medium,19,7,-0.017733216285705566,-0.029454350471496582
gpt2,gpt2-medium,20,0,-0.01431572437286377,-0.014496445655822754
gpt2,gpt2-medium,20,6,-0.010406494140625,-0.012375235557556152
gpt2,gpt2-medium,20,14,-0.016941070556640625,-0.023498892784118652
gpt2,gpt2-medium,21,1,-0.012205362319946289,0.0
gpt2,gpt2-medium,21,7,-0.012888312339782715,0.0
gpt2,gpt2-medium,21,10,0.0,-0.0119781494140625
gpt2,gpt2-medium,22,4,0.0,-0.013923406600952148
gpt2,gpt2-medium,22,15,0.0,-0.01277470588684082
gpt2,gpt2-medium,23,2,-0.011188149452209473,0.0
gpt2,gpt2-medium,23,4,-0.016048431396484375,0.0
gpt2,gpt2-medium,23,11,0.0,-0.011988520622253418
gpt2,gpt2-medium,23,13,-0.008752822875976562,0.0
gpt2,gpt2-large,0,14,-0.019372224807739258,0.0
gpt2,gpt2-large,3,0,-0.0130767822265625,-0.014385819435119629
gpt2,gpt2-large,4,8,-0.010527729988098145,-0.020606279373168945
gpt2,gpt2-large,12,0,-0.009443521499633789,0.0
gpt2,gpt2-large,12,1,-0.008649230003356934,-0.011896967887878418
gpt2,gpt2-large,12,8,-0.007639169692993164,0.0
gpt2,gpt2-large,13,2,-0.008997201919555664,0.0
gpt2,gpt2-large,13,5,0.0,-0.0078046321868896484
gpt2,gpt2-large,15,1,-0.009054064750671387,0.0
gpt2,gpt2-large,15,14,0.0,-0.008236050605773926
gpt2,gpt2-large,15,17,0.0,-0.015069842338562012
gpt2,gpt2-large,16,2,-0.01066279411315918,-0.011975407600402832
gpt2,gpt2-large,16,7,0.0,-0.010042786598205566
gpt2,gpt2-large,16,9,0.0,-0.008248448371887207
gpt2,gpt2-large,16,13,0.0,-0.013983964920043945
gpt2,gpt2-large,17,9,-0.011022567749023438,-0.008858442306518555
gpt2,gpt2-large,17,13,-0.01180887222290039,0.0
gpt2,gpt2-large,17,15,-0.012908697128295898,0.0
gpt2,gpt2-large,17,18,-0.01000213623046875,0.0
gpt2,gpt2-large,17,19,0.0,-0.010413765907287598
gpt2,gpt2-large,18,13,0.0,-0.01088249683380127
gpt2,gpt2-large,18,15,-0.010296940803527832,-0.010692358016967773
gpt2,gpt2-large,19,1,-0.012458562850952148,-0.011525988578796387
gpt2,gpt2-large,19,2,-0.018299460411071777,-0.02087712287902832
gpt2,gpt2-large,19,13,-0.020584583282470703,0.0
gpt2,gpt2-large,19,16,-0.02875363826751709,-0.012098073959350586
gpt2,gpt2-large,20,7,-0.014848470687866211,-0.02207469940185547
gpt2,gpt2-large,20,14,-0.03218400478363037,-0.008035778999328613
gpt2,gpt2-large,21,15,-0.008775472640991211,0.0
gpt2,gpt2-large,22,0,-0.013073086738586426,-0.011067628860473633
gpt2,gpt2-large,23,2,0.0,-0.018178224563598633
gpt2,gpt2-large,24,8,-0.008010268211364746,0.0
gpt2,gpt2-large,27,4,-0.00760805606842041,0.0
gpt2,gpt2-large,28,10,-0.008258581161499023,-0.016972661018371582
gpt2,gpt2-large,29,0,-0.007750391960144043,-0.03198587894439697
gpt2,gpt2-large,30,10,-0.01458740234375,0.0
gpt2,gpt2-large,30,13,0.0,-0.00798177719116211
gpt2,gpt2-large,30,14,0.0,-0.022061586380004883
gpt2,gpt2-large,31,15,0.0,-0.010210156440734863
gpt2,gpt2-large,32,2,-0.01868140697479248,-0.012631535530090332
gpt2,gpt2-large,32,3,0.0,-0.009577274322509766
gpt2,gpt2-large,32,11,-0.026208043098449707,-0.025731801986694336
gpt2,gpt2-large,32,14,0.0,-0.009748220443725586
gpt2,gpt2-large,32,15,-0.012815475463867188,0.0
gpt2,gpt2-large,33,11,-0.06431329250335693,-0.0701141357421875
gpt2,gpt2-large,33,14,0.0,-0.008218646049499512
gpt2,gpt2-large,33,16,-0.008497118949890137,0.0
gpt2,gpt2-large,34,2,-0.08813273906707764,-0.10980558395385742
gpt2,gpt2-large,34,8,-0.05429565906524658,-0.0688713788986206
gpt2,gpt2-large,34,10,-0.008095622062683105,-0.008951067924499512
gpt2,gpt2-large,34,11,-0.055822134017944336,-0.07330679893493652
gpt2,gpt2-large,34,19,-0.008673429489135742,0.0
gpt2,gpt2-large,35,2,-0.015704870223999023,-0.029435396194458008
gpt2,gpt2-large,35,10,-0.008057236671447754,-0.010384917259216309
gpt2,gpt2-large,35,17,-0.04209458827972412,-0.04431354999542236
gpt2,gpt2-large,35,18,0.0,-0.009300947189331055
opt,opt-125m,0,1,-0.1689273715019226,-0.16698777675628662
opt,opt-125m,0,3,-0.08328157663345337,0.0
opt,opt-125m,0,4,-0.15253329277038574,0.0
opt,opt-125m,0,5,0.0,-0.14833545684814453
opt,opt-125m,0,7,0.0,-0.17109310626983643
opt,opt-125m,0,9,-0.18268829584121704,-0.6461760997772217
opt,opt-125m,1,3,0.0,-0.10388931632041931
opt,opt-125m,1,4,-0.1868947446346283,-0.18564992398023605
opt,opt-125m,1,7,-0.18240886926651,-0.10835012793540955
opt,opt-125m,1,9,-0.093041330575943,-0.37076547741889954
opt,opt-125m,1,10,-0.11273908615112305,0.0
opt,opt-125m,2,2,-0.15552648901939392,0.0
opt,opt-125m,2,5,-0.1786002218723297,-0.12581101059913635
opt,opt-125m,3,11,0.0,-0.24138973280787468
opt,opt-125m,4,9,-0.12908104062080383,-0.10974583029747009
opt,opt-125m,5,3,-0.1300402283668518,-0.14453278481960297
opt,opt-125m,6,11,0.0,-0.09480029344558716
opt,opt-125m,7,0,0.0,-0.09716588258743286
opt,opt-125m,7,6,-0.11494463682174683,-0.2341950349509716
opt,opt-125m,8,1,-0.08427673578262329,0.0
opt,opt-125m,8,4,0.0,-0.10172790288925171
opt,opt-125m,8,5,0.0,-0.11949118971824646
opt,opt-125m,8,8,-0.23300185799598694,-0.2083943858742714
opt,opt-125m,8,9,-0.0858519971370697,0.0
opt,opt-125m,9,0,0.0,-0.2086041197180748
opt,opt-125m,9,2,-0.08157983422279358,0.0
opt,opt-125m,9,3,-0.1339569091796875,-0.20301884412765503
opt,opt-125m,10,1,-0.10838884115219116,0.0
opt,opt-125m,10,10,-0.09070730209350586,0.0
